japanese,english
の,of
に,"at,to,in,into,on,upon"
する,do
は,teeth
を,of
た,rice field
が,But
年,Year
と,When
て,hand
で,so
だ,is
れる,Be
月,Month
いる,Be
ある,be
日,Day
も,and
から,from
なる,Become
ない,No
こと,Matter
第,First
として,As
や,or
市,City
県,Prefecture
者,person
など,Such
日本,Japan
人,Man
ため,For
駅,station
この,this
的,Talent
られる,Can
その,That
町,Town
へ,What
後,rear
まで,to
よう,NS
放送,broadcast
号,issue
名,Name
中,During ~
という,Say
また,Also
もの,thing
行う,conduct
一,one
回,times
部,Part
時,Time
家,House
か,mosquito
リンク,Link
村,village
郡,county
学校,school
より,Than
できる,can
線,line
おる,is
昭和,Showa
東京,Tokyo
番組,program
大,Big
により,By
会,Meeting
外部,external
現在,Current
画像,image
ぬ,NS
区,Ward
による,according to
二,two
国,Country
テレビ,TV set
世界,world
関連,connection
三,three
化,Transformation
せる,Make
前,Previous
映画,movie
によって,By
作品,the work
時代,Age
これ,this
位,Place
版,Edition
数,number
賞,award
本,Book
型,Mold
州,state
分,Minute
上,Up
話,Talk
元,Origin
登場,Appearance
間,while
社,Company
局,Station
項目,item
出演,Appearance
平成,Informal
地,Land
目,eye
道,road
曲,song
使用,use
他,other
持つ,Have
場合,case
性,sex
監督,directed by
軍,army
発売,Release
選手,player
新,new
大学,University
戦,War
ば,palce
代表,representative
所,Place
活動,Activity
研究,the study
呼ぶ,Call
機,Machine
系,system
う,Cormorant
内,Inside
情報,information
さ,difference
多い,many
について,about
次,Next
鉄道,Railway
脚注,footnote
等,etc
において,In
時間,time
主,main
チーム,team
それ,that
初,first time
のみ,only
万,Ten thousand
シリーズ,series
その後,afterwards
所属,Affiliation
役,Role
受ける,receive
科,Department
作曲,Composition
出身,where one is from
高等,High
開始,start
場,Place
公式,official
学,Science
しかし,However
アメリカ,America
存在,Existence
くる,come
作,Work
車,car
大会,Tournament
人物,person
たち,In
形,shape
ゲーム,game
一覧,List
語,word
バス,bus
株式会社,Ltd
法,Law
歳,age
大阪,Osaka
いう,say
音楽,music
お,Oh
同,same
当時,at that time
事業,business
歴史,history
可能,Possible
教育,education
式,formula
一部,part
見る,look
約,about
小学校,primary school
出場,Participation
ドラマ,Drama
全,all
国際,international
地域,area
開発,development
用,for
つ,NS
関係,relationship
収録,Recording
事,case
明治,Meiji
長,Length
期,Period
彼,he
際,edge
ら,and others
概要,Overview
使う,use
旧,Old
アルバム,album
アニメ,Anime
声,voice
および,and
会社,society
しまう,Be
円,circle
優勝,win
サイト,site
なお,note that
における,In
南,South
設置,Installation
十,Ten
開催,hold
下,under
作詞,Letter
北,North
度,Every time
巻,roll
世,world
力,Power
言う,To tell
出版,Publication
知る,know
王,king
変更,Change
担当,responsible person
たり,Or
廃止,abolition
委員,Committee
色,colour
都市,City
高,High
参加,Participation
利用,use
製作,Production
位置,position
店,shop
事件,Incident
中央,Center
名称,name
氏,Mr
市立,Municipality
一般,General
にて,In
だけ,only
級,Grade
都,Capital
以降,Or later
東,east
制作,Production
野球,baseball
設立,Establishment
センター,Center
試合,game
ん,Hmm
番,Number
高い,high
中心,center
番号,number
年度,year
年代,Age
機関,institution
発表,Presentation
その他,others
以上,that's all
同じ,same
現,Present
問題,problem
代,Substitute
ドイツ,Germany
いく,go
編,Editor
参考,reference
子,Child
及び,as well as
道路,road
郵便,Post
地方,Region
用いる,Use
社会,society
記録,record
多く,Many
リーグ,league
種,seed
中学校,junior high school
金,Money
路線,Route
点,point
中国,China
総,Total
以下,Less than
体,body
プロ,Professional
島,island
施設,institution
編曲,Arrangement
人口,population
丁目,Chome
文献,Literature
文化,culture
別,another
同年,same year
側,~ side
攻撃,attack
女性,woman
西,West
京都,Kyoto
ラジオ,radio
入る,come in
さらに,Moreover
交通,traffic
頃,Ancient times
サッカー,soccer
シングル,single
面,surface
クラブ,club
四,four
各,each
フランス,France
記念,anniversary
名前,name
所在地,location
自分,myself
手,hand
ほか,other
物,Stuff
務める,serve
川,river
選手権,Championship
協会,Association
最終,Last
含む,include
城,castle
イギリス,England
キャラクター,character
内容,Content
地区,district
必要,necessary
両,Both
終了,end
総合,Comprehensive
計画,plan
ファイル,File
女,woman
制,System
公開,Release
販売,sale
神,God
世紀,century
政治,Politics
表記,labels
艦,Ship
に対して,For
史,History
特別,special
技術,Technique
生,Living
漫画,Comic
館,Building
員,Employee
ながら,While
隊,Tenth
シーズン,Season
高校,high school
考える,think
全国,Whole country
結果,result
説明,explanation
選挙,selection
卒業,graduation
歌,song
経済,Economy
英語,English
競技,Competition
勝,Win
人間,human
台,Platform
でも,but
グループ,group
五,Five
女子,Girls
男,Man
営業,Sales
国道,National road
劇場,theater
父,father
科学,Science
戦争,war
自身,Oneself
とき,Time
枠,frame
以外,apart from
同様,Same
府,Fellow
指定,specify
得る,obtain
モデル,model
車両,vehicle
に関する,Relating to
うち,home
教授,Professor
馬,Horse
管理,management
北海道,Hokkaido
再,Again
と共に,"Together, with"
星,Star
構成,composition
枚,Sheet
列車,train
参照,reference
文庫,Paperback
当初,Initially
花,flower
メンバー,member
作る,make
影響,Impact
たい,sea ​​bream
異なる,different
受賞,Award
部分,part
秒,Second
サイズ,size
建設,construction
期間,period
伴う,Accompany
システム,system
山,Mountain
大きい,big
室,Room
出る,Come out
特に,especially
合併,merger
娘,daughter
とともに,With
最後,last
ので,So
政府,government
戦闘,fight
写真,Photo
団,Group
達,Accomplishment
製造,Manufacturing
小,small
議員,Lawmaker
最初,first time
組織,Organization
タイトル,title
構造,structure
ほど,So
獲得,Acquisition
組,set
かつて,Once
水,water
校,school
ただし,However
県立,Prefectoral
撮影,photograph
場所,place
企画,plan
官,Official
デビュー,debut
派,Faction
小説,novel
企業,Company
与える,give
通り,Street
広島,Hiroshima
権,Right
強い,strong
設定,Configuration
状態,Status
愛,Love
橋,bridge
条,Article
一つ,one
発生,occurrence
アメリカ合衆国,United States of America
テーマ,theme
主義,Principle
そして,and
年間,Annual
よる,evening
方,direction
物語,story
機能,function
最高,Best
航空,Aviation
成績,Grade
光,light
福岡,Fukuoka
公園,park
決定,Decision
海軍,Navy
それぞれ,Each
就任,Appointment
法人,Corporation
神社,shrine
描く,draw
デザイン,design
能力,ability
意味,meaning
生活,life
フジテレビ,"Fuji Television Network, Inc"
または,or
主要,Major
専門,Professional
書,book
一方,on the other hand
編集,edit
最大,maximum
原作,original
名古屋,Nagoya
脚本,Script
率,rate
対応,Correspondence
院,Hospital
面積,area
運行,Operation
通常,generally
彼女,she
八,Eight
これら,these
種類,kinds
き,tree
対,versus
とも,friend
発行,Issue
続ける,continue
過去,past
身長,height
ま,Devil
ます,increase
出典,source
病院,hospital
生産,production
宇宙,universe
何,what
採用,Adoption
千,thousand
基本,Basics
生まれる,to be born
全て,all
風,Wind
ダム,dam
警察,police
さん,Mr. Miss
指揮,Command
六,Six
スポーツ,Sports
置く,Put
音,sound
編成,Organization
字,Character
朝,Morning
搭載,powered by
出す,put out
思う,think
海,Sea
百,hundred
運転,drive
周辺,neighborhood
調査,Research
みる,View
連続,continue
億,Billion
母,mother
特徴,feature
続く,Continue
少年,boy
独立,Independence
本社,main office
開業,Opening
行く,go
ものの,Thing
相手,partner
戦い,Fight
心,heart
始める,start
サービス,service
目的,Purpose
ロシア,Russia
実施,implementation
に対する,On
例,example
街,City
基礎,Basis
省,Province
藩,Clan
事務所,office
コード,code
部隊,Unit
設計,design
姿,Appearance
妻,wife
横浜,Yokohama
紹介,Introduction
ところ,In place
集,collection
高速,high speed
代目,generation
分類,Classification
森,Woods
得点,score
右,right
理由,reason
マン,man
帝国,Empire
不明,not clear
運動,motion
副,Secondary
勝利,victory
江戸,Edo
最も,most
年月日,date
章,chapter
建築,Architecture
じ,character
和書,Japanese code
経営,management
新潟,Niigata
没,Dash
長い,long
示す,show
俳優,actor
エンジン,engine
ニュース,news
発見,discover
データ,data
夏,summer
ホーム,home
群,group
無い,Not
以前,Before
備考,remarks
よ,world
正,Positive
契約,contract
本名,Real name
文字,letter
時点,Point
運営,operation
初めて,first time
イタリア,Italy
提供,Offer
大正,Taight
書く,to write
国内,Domestic
カード,card
士,Person
連合,Union
表,table
完成,Complete
師,Master
活躍,action
米,Rice
量,amount
スーパー,Supermarket
舞台,stage
予定,schedule
環境,environment
韓国,Korea
団体,Group
家族,family
七,Seven
のち,after
自治体,Municipality
祭,Festival
実際,actual
重,Heavy
社長,President
大きな,big
外,Outside
映像,picture
日本語,Japanese
学園,Academy
論,Theory
技,Skill
石,stone
時期,season
現代,present day
文,Sentence
族,Tribe
べし,Brief
協力,Cooperation
千葉,Chiba
解説,Commentary
船,ship
空港,airport
敵,enemy
共同,Joint
自由,freedom
女優,actress
ライブ,live
リリース,release
階,Floor
港,Harbor
研究所,Research institute
演出,Production
国家,State
方法,Method
学科,Department
出来る,Be able to
ちゃん,Chan
製,Manufacturing
屋,Shop
ほとんど,largely
通信,communication
普通,usually
コーナー,corner
主演,starring
加える,Add
といった,such as
完全,Perfect
初期,initial
少女,Girl
指導,Guidance
重要,important
仮,tentative
認める,Admit
子供,child
愛知,Aichi
工場,plant
結婚,marriage
しか,deer
区間,section
対象,subject
経歴,Career
支援,support
誕生,birth
評価,evaluation
訳,reason
公,public
新聞,newspaper
真,true
プロデューサー,producer
電気,Electricity
中継,relay
改称,Renaming
限定,exclusive
文学,literature
大戦,War
日本テレビ,Japanese television
テレビ朝日,TV Asahi
頭,Head
夜,Night
オリンピック,Olympic
方式,method
主人公,main character
血液,blood
圏,Zone
口,mouth
取る,take
ここ,here
夢,dream
誌,magazine
英,Inherited
性格,Character
形式,format
掲載,Published
行動,Behavior
表示,display
イベント,event
門,gate
公演,Performance
会議,meeting
先,Previous
果たす,Fulfill
春,spring
観光,sightseeing
学者,Scholar
装置,Device
初代,First
自ら,oneself
愛称,Nickname
陸軍,Army
言語,language
地球,Earth
作戦,Operation
成功,success
電車,train
移動,Movement
ご,Go game
系列,series
にかけて,In
バンド,band
為,For
すべて,all
スペシャル,Special
郎,Turtle
男子,Male
鈴木,Suzuki
経る,Pass
方面,Direction
国民,National
除く,except
り,the law of nature
品,Goods
向け,for
様々,various
由来,Origin
行,line
属,Genus
距離,distance
系統,system
基,Group
聖,Sacred
今,now
山口,Yamaguchi
同時に,at the same time
状況,Status
ヨーロッパ,Europe
多数,Many
界,World
結ぶ,tie
産業,industry
雑誌,magazine
装備,Equipment
オリジナル,original
作家,Writer
非常,Very
人気,popular
岡山,Okayama
会長,Chairman
未,Not
埼玉,Saitama
展開,Expansion
導入,introduction
統合,Integration
動物,animal
始まる,Be started
成立,Establishment
寺,temple
神戸,Kobe
国籍,Country of Citizenship
少ない,few
長野,Nagano
事項,Matter
スタッフ,staff
類,Kind
器,vessel
ガン,gun
教会,Church
競馬,Horse racing
大統領,President
工業,Industrial
かける,times
共和,Republic
来る,come
演奏,Playing
至る,Be
部門,Department
選ぶ,Choose
非,Non-
整備,Maintenance
男性,male
引退,Retirement
自然,Nature
党,party
再び,again
個人,Individual
に対し,For
終わる,End
田中,Tanaka
天,Heaven
堂,Padd
連邦,Federation
ビル,building
体重,body weight
新た,new
語る,talk
神奈川,Kanagawa
兵庫,Hyogo
木,wood
挙げる,Include
本部,Headquarters
専用,exclusive
運用,Operation
佐藤,Sato
結成,Formed
試験,test
組合,Union
福島,Fukushima
原,original
当,This
亜,sub
生徒,student
沿革,History
ネット,Net
求める,Ask
移籍,Transfer
ゲスト,The guests
連載,Serialization
資料,Document
事故,accident
正式,Formal
電話,phone
ノ,of
効果,effect
追加,addition
登録,register
わ,circle
業務,business
説,Theory
コース,course
労働,Labor
私,Me
医療,medical care
静岡,Shizuoka
制度,system
な,NS
ちる,Dash
学生,student
変化,change
良い,good
ベース,base
残る,Remain
アナウンサー,announcer
死去,Death
市場,market
ステージ,stage
弾,Bullet
残す,leave
決勝,final
盤,Board
博士,Doctor
まま,Remain
王国,Kingdom
向かう,Head
レース,race
大臣,Minister
生物,Organism
黒,black
兵,Soldier
とる,Take
中村,Nakamura
ほぼ,Almost
帯,band
楽曲,Music
よく,Often
詳細,detail
美術,art
歌手,singer
座,seat
規模,scale
です,is
声優,voice actor
仙台,Sendai
長崎,Nagasaki
全体,Overall
刑事,Detective
競走,race
クラス,class
砲,Gun
く,nine
沖縄,Okinawa
陸上,land
ジャンル,Genre
あるいは,or
アジア,Asia
葉,leaf
店舗,Store
市民,Citizen
社名,Company name
好き,like
九,Nine
複数,multiple
入り,enter
死,death
熊本,Kumamoto
戻る,return
つける,Put on
左,left
銀行,Bank
以来,Since
白,White
メイン,Main
もと,source
芸術,art
図,figure
伝説,Legend
つく,arrive
林,Forest
付,With
選出,Election
スペイン,Spain
新しい,new
区分,Classification
どう,copper
敗,Lose
地名,Place name
ニューヨーク,New York
経由,via
デジタル,Digital
温泉,hot spring
程度,degree
飛行,Flight
九州,Kyushu
製品,product
内閣,Cabinet
本人,Person
ファン,fan
あ,a
息子,son
高橋,Takahashi
恋,love
状,Shape
スタジオ,studio
入れる,put in
松本,Matsumoto
タイプ,type
落選,Defeat
施行,Enforcement
いずれ,Either
無,Nothing
発足,Launch
輸送,shipping
仕事,jobs
記,Record
王座,throne
特記,Special mention
ロック,rock
新設,Newly established
ベスト,Best
対戦,match
進む,move on
空,Sky
君,you
業,Business
岐阜,Gifu
接続,connection
通,Passing
工事,construction
丸,Circle
講談社,Kodansha
龍,Dragon
南部,Southern part
平,flat
移転,transfer
料理,cooking
秋田,Akita
保護,protection
鹿児島,Kagoshima
劇,Drama
末,End
経,Venue
学会,Society
走る,Run
支配,Rule
課,Section
石川,Ishikawa
回戦,War
表現,Expression
魔法,magic
札幌,Sapporo
名義,Name
ごと,Every
之,this
付近,near
ページ,page
そう,Yes
流,Flow
連盟,Federation
取締役,Director
商業,Commercial
個,Pieces
政策,policy
以後,Thereafter
失う,lose
民族,People
創立,Establishment
もつ,Mesh
回数,Number of times
らしい,Be
課程,Course
レコード,record
途中,in the middle
ローマ,Rome
姫,princess
開設,Opening
同じく,Same
周年,Anniversary
値,value
速度,speed
軌道,Orbit
統一,Uniform
明,Clear
変わる,change
唯一,Only
彼ら,they
経験,experience
商品,merchandise
ぶり,First
死亡,death
ジョン,John
略称,Abbreviation
吉田,Yoshida
大型,large
著,Written
破壊,destruction
魔,Magic
送る,send
赤,Red
精神,spirit
配信,delivery
路,Path
美,Beauty
台湾,Taiwan
元年,Former year
交差点,intersection
実,fruit
見せる,show
起点,Origin
旅,Journey
編入,Incorporation
足,legs
宗,Sect
よい,good
地理,Geography
発展,development
形成,Formation
市内,city
国鉄,National Railway
報告,report
植物,plant
山本,Yamamoto
電子,Electronic
コメント,comment
スター,Star
武,Military
述べる,Describe
通称,Known as
小林,Kobayashi
外国,Foreign countries
有名,well known
確認,Verification
障害,hindrance
基づく,Based
レギュラー,regular
翌,Next day
年生,Gross
安全,safety
法律,law
伝,Transmit
清,Queue
取得,Acquisition
特殊,Special
メーカー,Manufacturer
全日本,All Japan
山田,Yamada
当選,Winning
前後,Back and back
記事,article
緯度,latitude
太郎,Taro
来歴,history
司令,command
オープン,open
様,Mr
武器,weapon
領,Territory
広い,wide
そこ,There
人々,people
主張,Claim
近い,close
条件,conditions
ビデオ,video
命,life
兄弟,Brother
将軍,General
含める,include
弟,Younger brother
兄,Brother
やる,do
乗車,Ride
職業,Profession
ギター,guitar
絵,picture
経度,longitude
オリコン,Oricon
機構,mechanism
生まれ,birth
太,Thickness
関東,Kanto
戦う,fight
共演,Co-star
大学院,grad student
現れる,appear
顔,face
博物館,Museum
秋,autumn
平均,average
特定,identification
開く,open
発,Origin
ソフト,soft
アカデミー,Academy
え,Huh
後半,Latter half
方向,direction
住宅,House
深い,deep
号線,Route
準,Understanding
ストーリー,story
天皇,Emperor
学部,Undergraduate
合わせる,match
項,Paragraph
戦士,Warrior
機動,Motion
日本人,Japanese people
こう,shell
ソング,song
議会,Parliament
画,Picture
奈良,Nara
迎える,Welcome
仕様,specification
隣接,adjacent
夫,husband
形態,form
防衛,defense
逆,reverse
トップ,Top
富山,Toyama
支持,support
伊藤,Ito
復活,Resurrection
鳥,bird
犬,dog
近代,Modern
宮,Palace
茨城,Ibaraki
付ける,wear
図書館,library
渡辺,Watanabe
里,Village
書房,Bookstobing
主題歌,Theme song
伝える,inform
事実,fact
便,Service
父親,father
改造,Remodeling
改正,Revision
制御,control
農業,Agriculture
候補,candidate
起こす,Raise
機械,machine
子会社,subsidiary
カップ,cup
艦隊,fleet
青,Blue
支店,branch
近く,shortly
そのまま,As it is
朝鮮,Korea
徳島,Tokushima
拡大,expansion
流れる,Flow
源,source
署,Station
桜,Cherry blossoms
海外,overseas
批判,Criticism
所有,Own
東映,Toei
分野,Field
ツアー,Tours
似る,Resemble
学ぶ,learn
起こる,Occur
インド,India
やすい,Cheap
住む,live
加藤,Kato
反対,oppose
基地,base
投手,pitcher
著作,Writing
パリ,Paris
見える,appear
着,Arrival
設ける,prepare
諸,various
歌う,sing
メートル,Meter
ひとつ,one
人員,personnel
通過,Passage
職,Job
配置,Arrangement
復帰,return
理事,director
ホール,hole
保険,insurance
衆議院,House of Representatives
殺人,murder
決める,decide
園,Garden
発電,Power generation
ロンドン,London
入学,admission
はじめ,beginning
金融,Finance
立つ,stand
原因,Cause
宮城,Miyagi
創設,Creation
資本,capital
延長,Extension
戦後,Afterward
直接,Direct
ポイント,point
更新,update
低い,Low
なり,Becoming
革命,revolution
目指す,aim
土地,land
テレビ東京,Television Tokyo
いい,good
モード,mode
東日本,Eastern Japan
演,Act
扱う,deal
名誉,honor
共,Both
自動,Automatic
東北,Eastern
背番号,Speech
実験,experiment
イメージ,image
兼,and
敗れる,Lose
軍事,Military
フリー,free
アイドル,Idol
記述,Description
進出,Advance
にとって,for
差,difference
上記,the above
に関して,Regarding
古代,Ancient times
湖,lake
化学,Chemistry
行為,action
清水,Fresh water
エンディング,ending
段,Stage
アクセス,access
指す,Point
節,section
裏,back
捜査,investigation
予選,Qualifying
北部,Northern part
不,Disgusting
インターチェンジ,Interchange
前作,Previous work
スコア,Score
土曜,Saturday
頁,page
探偵,Detective
ポジション,position
県道,Prefectoral road
政権,administration
新宿,Shinjuku
大分,Oita
統計,statistics
被害,damage
年齢,age
プロジェクト,project
角,Horn
ワールド,world
画面,screen
かつ,And
身,Body
教,Teaching
表す,show
井上,Inoue
ピアノ,piano
コンピュータ,Computer
理論,theory
エリア,area
ミュージック,Music
貨物,cargo
条約,Treaty
令,Order
規定,Provision
ユニット,unit
住民,residents
地元,local
タイ,sea ​​bream
単位,unit
翌年,following year
文化財,Cultural property
宮崎,Miyazaki
機器,device
泉,Fountain
刊行,Publication
著名,Famous
竜,Dragon
部屋,room
選択,Choice
青森,Aomori
ヶ,Palace
独自,Unique
地震,earthquake
ドル,Dollar
関西,Kansai
仲間,Buddy
著書,book
カラー,Color
報道,Report
客,Customers
つつ,While
聞く,listen
親,parent
出力,output
投票,vote
杯,Cup
気,air
歴,History
マイル,Miles
くれる,Become
和,sum
家庭,home
従来,Conventional
メディア,media
宗教,religion
度度,Degree
出生,Birth
購入,purchase
紙,paper
成長,growth
ブログ,blog
エネルギー,energy
渡る,Acquire
集める,Collect
セット,set
綱,Rope
雪,snow
鉄,iron
近年,recent years
違う,different
事務,Office work
演じる,play
なす,Pulsate
町立,Town stand
離れる,Leave
率いる,Lose
大字,Letter
鬼,demon
妹,sister
谷,valley
歴代,Successive
標準,standard
ひる,Faint
ヒット,hit
シーン,scene
民,people
各地,Each
ナンバー,number
地下鉄,subway
巨大,Huge
御,All
区域,Area
火,fire
交流,Alternating current
かなり,rather
進める,Advance
守る,protect
東海,Tokai
物理,Physics
専攻,Major
殺す,kill
解散,dissolution
エピソード,episode
インターネット,the Internet
作成,create
新人,Newcomer
航空機,aircraft
郷,Town
半,half
帝,Emperor
費,Expense
スタイル,style
仁,Benevolence
例えば,for example
食べる,eat
ロゴ,logo
生涯,Lifetime
欧州,Europe
注,note
藤原,Fujiwara
増加,gain
認定,Certification
像,image
建物,building
派遣,Dispatch
太陽,Sun
李,Li
幅,width
山形,Mountain shape
通算,total
福井,Fukui
特急,Express
首相,Prime Minister
処理,process
比べる,compare
空間,space
集団,Group
席,seat
チャンネル,Channel
週間,week
記載,description
米国,USA
停止,Stop
史上,History
タレント,talent
首都,capital
閲覧,Browsing
幕府,Shogunate
直後,Immediately after
失敗,Failure
拠点,Hub
カナダ,Canada
ブランド,brand
こ,child
計,Total
先生,teacher
機体,Aircraft
ロボット,robot
主催,Sponsored
重量,weight
称す,Refer
順,order
篇,篇
河川,River
戦隊,Squadron
バージョン,version
翼,Wing
ね,Hey
み,fruit
上げる,increase
共通,common
銃,gun
作業,work
銀,Silver
細胞,cell
あまり,not much
管轄,jurisdiction
永,Permanency
波,wave
町村,Town village
基準,standard
カメラ,camera
定める,stipulate
交換,Exchange
守,Masturbation
強化,Enhancement
すぐ,soon
レベル,level
分離,Separation
ホテル,Hotel
未来,future
マーク,mark
週刊,Weekly
挑戦,challenge
皇帝,Emperor
開通,Opening
制限,limit
ライン,line
読む,read
対策,measures
責任,responsibility
超える,Be exceeded
プレイヤー,player
相当,Equivalent
感,Sense
小惑星,asteroid
徒歩,On foot
本来,Originally
生年,year of birth
ゆう,excellent
反応,reaction
下位,Lower rank
地下,underground
同社,Company
オーストラリア,Australia
いくつ,Several
関わる,Be involved
明らか,clear
変える,change
姉妹,Sister
安,Cheapness
坂,Slope
取引,transaction
最,Most
操作,operation
改革,reform
美術館,Art museum
行なう,Do
別名,alias
直,straight
スタート,start
倒す,knock down
純,Pure
訓練,Training
タイム,time
隻,Vessel
母親,mother
定義,Definition
同盟,alliance
死ぬ,die
記す,Write
生年月日,Birthday
連絡,contact
かかる,Take
実現,realization
域,Area
キャスト,cast
獣,beast
福祉,welfare
川崎,Kawasaki
オープニング,opening
京,Kyoto
戦車,tank
池田,Ikeda
ソ連,Soviet Union
幼稚園,kindergarten
推進,Promotion
マッチ,Match
達成,Achievement
岩手,Iwate
死没,Death
部長,Director
配偶,Birth
誰,Who
教師,teacher
介,Mediation
設備,Facility
自体,itself
若い,young
訪れる,visit
てる,Be
長官,Secretary
範囲,range
ボール,ball
金曜,Friday
伝統,tradition
利益,Profit
街道,highway
もう,already
ガス,gas
トン,Ton
終点,the last stop
冬,winter
栃木,Tochigi
大賞,Great prize
兵器,weapons
悪い,bad
跡,Mark
券,ticket
東京大学,University of Tokyo
オランダ,Netherlands
乗る,get on
層,layer
携帯,Mobile phone
毎年,Every year
勢力,power
児童,Child
玉,ball
司会,host
リスト,list
選,Selection
発言,comment
なか,inside
思想,Thought
東宝,Toho
平和,peace
西部,Western part
一時,Temporary
禁止,Ban
内部,internal
男女,Men and women
中学,Junior high school
お笑い,comedy
後期,Late
要素,element
隣,next
おく,back
参戦,Participation
財団,Foundation
術,Technique
初回,First time
ヶ月,months
展示,Exhibition
制定,Enactment
徳川,Tokugawa
トラック,truck
回転,rotate
単独,Single
働く,work
配給,distribution
生きる,live
電,Electricity
土,soil
三重,Triple
生じる,Occur
師団,Division
炎,flame
継承,Inheritance
保存,keep
命令,order
鳥取,Tottori
公立,public
信,Belief
資格,Qualification
周囲,Surroundings
ホームページ,home page
旅行,trip
都道府県,prefectures
義,Righteousness
輪,ring
役割,role
観測,observation
華,flower
暦,calendar
案内,guidance
哲学,philosophy
健康,health
グランプリ,Grand Prix
全員,All
青年,Young man
憲法,Constitution
全く,not at all
医学,Medicine
辞典,dictionary
ブルー,blue
古,Ancient
指摘,indicate
会員,Member
きっかけ,chance
得意,good at
陽,Yang
詩,Poem
秘密,secret
ふりがな,Furious
和歌山,Wakayama
分割,Split
隆,Rash
向上,Improvement
騎士,Knight
危険,dangerous
孫,Grandchild
宣言,declaration
発射,firing
比,ratio
周,Circumference
会場,venue
身体,body
備える,Be prepared
前身,Predecessor
性能,Performance
緑,green
ミサイル,missile
ドラフト,draft
向ける,Turn
カバー,cover
ネットワーク,network
地図,map
程,Degree
大陸,Continent
球団,Club
裁判所,court
扱い,Handling
略歴,Brief
それら,Their
書籍,Book
核,Nucleus
破る,Break
音声,audio
体制,System
プログラム,program
友人,friend
継続,continuation
録音,recording
階級,class
週,week
治療,Treatment
座標,Coordinate
市町村,Municipalities
建造,Construct
付き,With
鎌倉,Kamakura
ポーランド,Poland
急行,Express
謎,Mystery
執行,Execution
守備,Defense
成,Form
助,Aid
附属,Affiliated
昇格,Promotion
維持,Maintenance
車体,Car body
小型,Small size
阪神,Hanshin
モンスター,monster
もしくは,or
衛星,satellite
消滅,Annihilation
現役,Active duty
公共,public
ウェブサイト,website
ジャパン,Japan
自治,Self-government
英文,English
番目,Second
没年,Year of death
板,Board
志,Aspiration
西日本,West Japan
移行,Migration
日曜,Sunday
イン,in
多,Many
上映,Screening
冒険,adventure
リング,ring
々,Any way
角川,River
段階,step
誠,Sincerity
視聴,watch
旗,flag
小さな,small
背景,background
倍,Double
収入,income
加入,Join
自己,self
標高,elevation
図る,Become
後継,successor
姉,sister
猫,Cat
進行,Progress
原語,Original language
プロレス,wrestling
藩主,Lord
毎週,Every week
更に,Further
連隊,regiment
バレーボール,volleyball
犯罪,crime
東部,Eastern part
戦国,War
領域,region
限り,as long as
医師,Doctor
政,Government
インタビュー,interview
くん,Kun
信号,signal
塔,Tower
駅前,In front of the station
低,Low
付く,Be attached
記憶,Memory
代わり,Alternative
酸,acid
治,Cure
薬,medicine
小さい,small
組む,Be assembled
改良,Improvement
意識,Consciousness
校舎,School building
クイズ,quiz
市長,Mayor
月曜,Monday
免許,driver licence
コンビ,combination
症,Sympathy
要求,request
武装,Armed
まだ,yet
月刊,Monthly publication
貢献,contribution
忠,Lid
むら,Mura
本線,Main line
判断,Judgment
ライト,Light
しばしば,often
反,Antagonism
各国,Each country
樹,Tree
バック,back
翻訳,translation
関,Association
自転車,bicycle
売上,Earnings
駆逐,Destruction
いわゆる,So-called
ルート,root
生命,life
審査,examination
逮捕,Arrest
戦艦,Battleship
今日,today
在籍,Enrollment
ワールドカップ,World Cup
建,Built
紀元前,B.C.
保,Preservation
天使,angel
全長,full length
比較,Comparison
体育,physical education
貴族,Noble
宝,Treasure
殺害,Killing
カリフォルニア,California
キャラ,Character
工学,engineering
共学,Co-learn
奪う,Rob
境界,boundary
従業,Employment
連結,Linking
ボーカル,vocal
芸能,Entertainment
番地,address
ドラゴン,Dragon
首,neck
分布,distribution
軸,shaft
弘,Hiro
共著,Co-author
アフリカ,Africa
任務,mission
英国,UK
あたる,Be
産,Birth
違い,difference
対抗,Antagonism
消費,consumption
有,Presence
資産,assets
常に,always
ゴールデン,Golden
魚,fish
ジョージ,George
豊,Richness
計算,Calculation
木村,Kimura
減少,Decrease
血,blood
一定,Constant
わかる,Recognize
コーチ,coach
魂,soul
学院,Academy
観客,audience
羽,wing
香川,Kagawa
アニメーション,animation
オブ,of
空軍,Air Force
作画,Drawing
イオン,ion
大和,Oysters
シティ,City
株式,stock
起きる,Get up
会館,Hall
トンネル,tunnel
王子,prince
実行,execution
趣味,hobby
既に,already
レッド,Red
ずつ,By
プロフィール,profile
出会う,meet
ブロック,block
全米,All US
指名,name
通る,Pass through
食品,Food
香港,Hong Kong
定期,Regular
病,disease
雲,cloud
記者,Reporter
価格,price
勤務,Work
バトル,battle
燃料,fuel
ショー,show
進学,Advancing
キロ,Kilometer
形状,shape
練習,training
田,Field
早い,quick
分ける,Divide
長男,Eldest son
安定,Stability
ルール,rule
披露,Exhibition
メジャー,major
単,single
対立,Confrontation
深夜,Midnight
後述,Later
傾向,tendency
民主党,Democratic Party
グリーン,green
野,field
順位,Ranking
惑星,planet
康,Secret
潜水,diving
加盟,Joining
コミック,Comic
政党,Political party
件,subject
感じる,feel
興行,Entertainment
佐賀,Saga
中止,cancel
相,phase
評論,Criticism
回復,recovery
医,Doctor
ランキング,Ranking
物質,material
再開,Resumption
大量,Large quantity
有する,Have
世代,generation
一緒,together
臨時,Extraordinary
判定,judgement
防御,defense
民主,Democracy
注釈,Annotation
激しい,intense
スタジアム,Stadium
学習,study
プロダクション,production
酒,Liquor
ユダヤ,Jewish
限る,Limit
書店,Bookstore
壁,Wall
抱く,Hug
剤,Agent
勝ち,win
平日,weekday
再生,reproduction
高知,Kochi
収める,Fit
用語,the term
停車,Stop
影,Shadow
平方,square
休止,pause
最優秀,Best
動き,Motion
各種,Various
団地,Housing complex
固定,Fixed
増える,increase
高松,Outrage
愛媛,Ehime
もらう,get
遺産,heritage
北京,Beijing
心理,Psychology
ジャンプ,Jump
日記,diary
金沢,Kanazawa
民間,private
キング,King
蔵,Warehouse
一番,number one
出現,Appearance
話す,talk
比較的,Relatively
床,floor
イラスト,An illustration
収容,Accommodation
吉,Good
ただ,However
横,beside
山梨,Yamanashi
株主,Shareholder
司,Chair
生月,Loving month
バスケットボール,basketball
太平洋,Pacific Ocean
ブラジル,Brazil
丘,hill
プロデュース,Produce
イングランド,England
ワイド,wide
体育館,gym
応じる,Respond
目標,the goal
食,Food
庁,Agency
松,Pine
わけ,reason
観,View
バイパス,bypass
解放,release
意見,opinion
度目,Fit
四国,Shikoku
職員,Staff
ブラック,black
球,ball
赤い,red
事典,Encyclopedia
創業,Founding
短期大学,Junior college
コンサート,concert
天体,Astronomy
文書,documents
優,Superiority
アーティスト,Artist
改名,Renaming
歩兵,infantry
ダンス,dance
困難,Difficulty
録,Record
模様,pattern
帰国,Returning home
ジュニア,Junior
講師,Teacher
人生,life
放つ,Release
定,Fixed
め,eye
無料,free
遺跡,Remains
呼称,Name
当たる,Hit
属する,Belong
群馬,Gunma
満,Full
共に,both
じゃ,well
知識,knowledge
供給,supply
剛,Toughness
銀河,Galaxy
沖,Offshore
執筆,writing
弁護士,lawyer
雨,rain
自衛隊,Self-defense force
確保,Securing
依頼,request
罪,sin
津,Tsu
軍人,Military man
僕,I
カー,car
振興,Promotion
県内,In the prefecture
近鉄,Kintetsu
市街地,Urban area
あなた,you
普及,Spread
理解,Understanding
注目,attention
分析,analysis
上がる,Go up
装甲,Armor
仏,Buddha
広告,advertisement
検査,test
腕,arm
監修,Supervision
寺院,Temple
退任,Retirement
一族,Family
様子,state
松竹,Pine tuf
展,Exhibition
前田,Maeda
アイテム,item
中部,Central part
行き,Bound
名乗る,Lose
江,En
私立,private
前半,first half
商店,Store
ミュージシャン,Musician
ネタ,news source
裁判,trial
朝日,Morning sun
入団,Join
直前,Just before
滋賀,Shiga
将,General
中野,Nakano
密度,density
並ぶ,line up
太田,Ota
仲,Close
得票,Gain
ミニ,mini
帰る,Return
前述,Above-mentioned
機種,Model
協議,Discussions
サブ,sub
学期,semester
放映,Airing
上位,Top
池,pond
提案,suggestion
トーク,Talk
河,river
オーストリア,Austria
あげる,give
佐々木,Sasaki
雄,Male
恵,Grace
徳,Virtue
合計,total
ビジネス,business
短い,short
料金,price
悪魔,Devil
こちら,Here
吸収,absorption
駅名,Station name
交響,Symphony
駐車,Parking
窓,window
ソロ,solo
プレー,play
本体,Main unit
付属,Attached
命名,naming
消防,Firefighting
駅舎,Station building
従,Objection
諸島,Island
陣,Team
張,Tension
中山,Nakayama
適用,Apply
同時,simultaneous
管,tube
戦略,strategy
元々,originally
香,Incense
教室,Classroom
レーベル,label
海上,Sea
論文,paper
加わる,Join
タウン,Town
怪獣,monster
友,friend
ど,degree
ソウル,Soul
中島,Nakajima
開校,Open school
コムーネ,Comune
そこで,Therefore
解決,Resolution
延,Extension
案,Proposal
処分,disposal
到着,arrival
すぎる,Be too
松山,Matsuyama
危機,crisis
スウェーデン,Sweden
縁,edge
継ぐ,Inherit
崩壊,Collapse
良,good
必殺,Killing
山崎,Yamazaki
どの,Which
上野,Ueno
看護,Nurse
古い,old
証明,Proof
地位,Position
芸名,stage name
原画,Original picture
国会,Parliament
調整,Adjustment
箱,box
立,Standing
作者,author
歌詞,lyrics
わずか,Slightly
繰り返す,repeat
やや,kind of
海岸,Coast
連,Communicating
福,Fortune
す,vinegar
ほる,Be
桂,Cousin
ボス,boss
健,Health
古墳,Old tomb
熱,heat
拡張,Extension
ディレクター,director
ケース,Case
所在,Location
概念,concept
有効,valid
伯,Count
額,amount
テニス,tennis
投げる,throw
乱,Disturbance
属す,Belong
原則,principle
竹,bamboo
黄,yellow
爆発,explosion
パーソナリティ,Personality
戸,door
ランド,land
権利,right
リーダー,leader
久,Ache
竣工,Conclusion
読売,Yello
分かる,Understand
集合,set
ほう,law
原題,Original title
ソフトウェア,software
代わる,replace
を通じて,Through
スキー,Ski
閉鎖,close
許可,permission
中華人民共和国,People's Republic of China
規格,standard
期待,Expectation
シンボル,symbol
広場,Square
尾,tail
かかわる,Be caught
料,Charges
強制,Forced
洋,Ocean
占める,Occupy
栄,Prosperity
ばかり,Only
撤退,Withdrawal
本塁打,Main base
岩,rock
武田,Takeda
廃,Abolition
国土,Land
注意,caution
キー,Key
任命,Appointment
白い,white
動画,movie
現象,phenomenon
ユース,Use
上海,Shanghai
数学,Math
絶対,absolutely
分校,School
言える,Be said
本格,Authentic
柔道,judo
移る,Move
優秀,excellence
進,Advance
修,Disconnection
芸人,Entertainer
優れる,Be excellent
協定,Agreement
ちなみに,as a side note
通う,go
王者,King
チャンピオン,champion
美しい,beautiful
だが,But
警備,security
知事,Governor
氏名,Full name
規制,Regulation
英雄,hero
占領,occupation
実業,Business
ける,Be
球場,Stadium
日間,Day
中世,middle Ages
交渉,negotiation
結局,in the end
及ぶ,Be
軍団,Army
外交,Diplomacy
ゴール,goal
外科,Surgery
あり,can be
入口,entrance
ダイヤ,Diamond
準備,Preparation
うた,Watermelon
希望,Hope
プレイ,play
恋愛,love
起用,Starting
資金,Fund
金属,metal
合成,Synthesis
堺,Sakai
乗降,Passion
ブレーキ,break
高度,Altitude
称号,title
神経,Nerve
提携,Partnership
メキシコ,Mexico
左右,Left and right
認識,recognition
キャンパス,campus
同士,Each other
大幅,Significant
劇団,Theater group
さくら,Cherry Blossoms
富士,Fuji
区別,Distinction
相互,Mutual
ドア,door
証券,stock
人形,doll
橋本,Hashimoto
教える,teach
漢,Han
決まる,Be determined
マシン,Machine
ろ,reactor
艇,Boat
合格,Passing
青春,Youth
上昇,rise
伊勢,Ise
募集,Recruitment
コレクション,collection
仮面ライダー,Kamen Rider
紀,Denomination
市川,City of city
重複,Duplicate
服,clothes
統治,Governance
茂,Mulberry
本店,Bookstore
検討,examination
一郎,Ichiro
流れ,flow
アクション,action
演劇,theater
どちら,Which
本編,Main edition
扉,door
特,Special
許す,forgive
特集,Special feature
矢,arrow
代理,Substitute
中間,Middle
生息,Habitat
打つ,strike
鏡,mirror
ゆく,go
国旗,National flag
ナレーション,Narration
女王,Queen
ロケット,rocket
ゴルフ,golf
植民,Colon
拳,fist
弁,valve
劉,Ax
南北,North-north
鎮,Sesity
パン,Bread
視,Vision
選抜,Selection
経緯,background
ロード,Load
授業,class
アップ,up
往復,round trip
両親,parents
ロ,B
集英社,Shueisha
狙う,Aim
慶,Kounds
岡田,Okada
列,Column
パワー,power
どこ,where
仮面,mask
現場,Field
一貫,Consistency
ポール,Pole
無線,wireless
又は,Or
のり,Seaweed
湾,bay
寿,Dust
恋人,lover
場面,scene
博,Fiction
空気,air
支部,Branch
べ,NS
応援,support
羅,Liber
える,Get
要,Necessity
村上,Murakami
推薦,Recommendation
参議院,Councilors
チャート,chart
下車,Off
霊,Spirit
ふる,Fur
巨人,Giant
楽器,instrument
割,Percentage
方針,policy
二つ,two
弟子,Disciple
甲,Arm
変身,Transform
闇,darkness
いち,one
スケート,skate
夫人,Mrs
入社,Joining
金曜日,Friday
地点,point
アン,Ann
国有,State-owned
広がる,spread
分かれる,Divide
兵士,soldier
改善,Improvement
ボタン,button
用意,preparation
話題,topic
議長,Chairman
描写,Depiction
遠い,far
人類,Human race
快速,Rapid
最多,Most
だい,big
助ける,help
棟,Building
小川,stream
移管,Transfer
買収,Acquisition
リー,Lee
手段,means
区画,section
北西,Northwest
学年,School year
緯,Witness
コミュニティ,community
自,Oneself
走行,Driving
フィルム,the film
尚,still
黒い,black
中日,Medium day
俺,me
させる,Make
積極,Aggressive
人民,People
同日,Same day
スペース,space
神話,mythology
作中,Crop
育成,Fostering
合う,Fit
木曜,Thursday
広,Broad
斬る,kill
体験,Experience
旧暦,Old calendar
沿い,Along
少し,a bit
大半,Most
みんな,Everyone
穴,hole
発着,Arrival
否定,denial
すなわち,That is
呉,呉
こそ,With
事情,Circumstance
キリスト,Christ
刀,sword
フィールド,field
テスト,test
引き継ぐ,take over
姓,Surname
大橋,Large bridge
し,death
保有,Possession
環,ring
判決,Judgment
有限,Finite
元首,Chief
毎日,every day
カトリック,Catholic
三郎,San
整理,Organization
画家,painter
作用,Action
大使,Ambassador
すでに,already
過ぎる,Pass
はる,stretch
立てる,Stand
ギリシャ,Greece
関西テレビ,Kansai television
がる,Be
建てる,build
興,Vogue
飛ぶ,jump
箇所,part
電力,Power
発達,development
去る,leave
襲う,Attack
開幕,Opening
こうした,Such
感染,infection
施す,Appeal
ベトナム,Vietnam
舞,dance
合流,Join
機会,chance
決算,settlement
集中,concentration
藤,Wisteria
ニュー,new
講座,Course
小学館,Shogakkan
歩,Step
分の,Minute
質,quality
居住,Residence
脚,leg
祭り,Festival
伊,Izu
進化,evolution
レ,NS
動作,motion
業種,Industry
厳しい,Strict
マガジン,magazine
落とす,Drop
和田,Wada
レポート,Report
次元,dimension
嘉,Octopus
諸国,Countries
変遷,Transition
泰,Tae
装,Impartation
也,Scarlet
現存,Existence
午後,afternoon
ボクシング,boxing
買う,buy
いえる,Be observed
襲撃,Raid
越える,Cross
商,quotient
負傷,Injury
ごろ,Duration
爆弾,bomb
景,View
流す,Flush
敗北,defeat
格,Rating
古典,classic
前年,Previous year
ド,De
松平,Matsutoru
灯,light
荘,Hall
る,NS
種別,kinds
田村,Tamura
紅,deep red
国王,King
命じる,Order
あと,after
電動,electric
学名,Scientific name
パーク,Park
ワシントン,Washington
淳,Ruler
仏教,Buddhism
用途,Application
ベルリン,Berlin
スイス,Switzerland
最新,latest
性質,nature
主体,Subject
ゼロ,zero
日曜日,Sunday
さまざま,various
中川,Nakagawa
バラエティ,variety
岡崎,Okazaki
譲渡,assignment
そのもの,Itself
投資,investment
提出,Submission
ソビエト,Soviet
毛,hair
貿易,Trade
敷地,site
スポンサー,sponser
上田,Ueda
唐,Tang
カール,curl
ハイ,Yes
抵抗,resistance
まとめる,Summarize
停留所,Stoppage
循環,Circulation
パイロット,pilot
帳,Register
侵攻,invasion
現地,local
島根,Shimane
大野,Ogino
護衛,escort
北九州,Kitakyushu
引く,Pull
草,grass
高田,Takada
石井,Ishii
現実,reality
予備,Reserve
山下,Yamashita
表面,surface
地帯,Zone
脳,brain
挿入,Insertion
全集,Total collection
昌,Calm
患者,patient
学術,Academic
登板,Pet
打撃,Blow
最近,recently
敗退,Defeat
原子力,Nuclear power
忍,Shinobu
土曜日,Saturday
蒸気,vapor
嵐,storm
価値,worth
軽,Light
総務,general Affairs
不足,Shortage
孝,Filial piety
末期,Last stage
彩,Austerity
北東,Northeast
補助,auxiliary
徹,All
判明,Founder
強力,Powerful
可,Enabled
サイド,side
ドラム,drum
停車場,Stopping
寛,Lifement
好,Favor
加,Addition
冠,crown
やがて,After all
大島,Ojima
国勢調査,Census
佐,Ga
低下,Decline
死後,After death
一種,Kind
同一,Same
押す,push
ハンガリー,Hungary
青山,Aoyama
部下,Subordinate
ドライバー,driver
巡洋艦,cruiser
規則,Rule
特典,Benefit
不詳,unknown
まち,Town
智,Wisdom
旅客,passenger
手法,Method
近,Close
頼,Request
ジャック,Jack
ポルトガル,Portugal
当たり,Perfect
南西,Southwest
虎,tiger
信頼,trust
宏,Hiring
表明,Expiration
ジャン,Jean
投入,Input
オペラ,Opera
開局,Open station
骨,Bone
織田,Oatada
協同,Cooperation
入門,getting started
筋,logic
信仰,faith
実質,Essence
つまり,in short
ころ,around
追う,Chase
交点,Intersection
合,In
端,end
簡易,Simple
招く,Invite
拒否,rejection
大宮,Omiya
まず,first
涙,tears
メール,Email
後藤,Goto
メッセージ,message
タッグ,Tag
子ども,Child
湯,Hot water
架空,Fictitious
早稲田大学,University of Waseda University
負う,Bear
亭,Octopus
生成,generation
落ちる,drop down
送信,send
探す,seek
青木,Aoki
過程,process
開,Opening
暮らす,live
市役所,Ccty hall
ぶる,Bite
先発,Leader
残り,remaining
け,hair
リア,rear
新幹線,bullet train
移す,Transfer
クリア,clear
学区,School district
浩,Hiroshi
緊急,emergency
実力,real ability
水曜,Wednesday
ウィリアム,William
隠す,hide
楽,easy
前期,Previous year
救う,save
コピー,copy
幹部,Executive
アート,art
衝突,collision
キャスター,caster
東西,East and west
結合,Join
問う,Ask
測定,measurement
浜松,Hamamatsu
か月,Months
輸入,Import
もたらす,Bring
異,Different
意,Meaning
大佐,Colonel
取材,Coverage
株,stock
ナイト,Knight
常,Always
有す,Have
大人,adult
かい,shellfish
創刊,Launch
奥,Back
マスター,Master
避ける,avoid
幸,Fortune
約束,promise
ローカル,local
戦時,War time
共産党,Communist party
社員,employee
合唱,Chorus
宝塚,Takarazuka
難しい,difficult
フィギュア,Figures
トーナメント,tournament
対決,Confrontation
推定,Estimation
鶴,crane
ミッション,Mission
改修,Refurbishment
せい,because of
反乱,Revolt
最強,strongest
造,Creation
ディスク,disk
エース,Ace
貞,Cranity
参謀,Apprenticeship
着る,Wear
急,Sudden
広域,Wide area
転換,Conversion
バス停,bus station
近藤,Kondo
集まる,get together
耳,ear
任,Appointment
災害,disaster
フジテレビジョン,Fuji television
アナ,Ana
側面,side
卒,Graduate
ロサンゼルス,Los Angeles
坂本,Sakamoto
ミス,Mistake
編著,Carriage
将来,future
八幡,Hachiman
平方キロ,Square kilow
味,taste
下記,the below described
秀,Excellence
ミュージカル,musical
終える,Finish
ボディ,body
新田,New field
確立,Establishment
黄金,Golden
手紙,letter
いつも,everytime
築く,build
地獄,hell
解釈,interpretation
入,On
シナリオ,scenario
エジプト,Egypt
キャリア,Career
駆動,Driving
水系,Water system
校長,head teacher
工,Work
長期,Long-term
脱出,escape
ハウス,House
勝負,Match
取り上げる,take up
操縦,Steering
長谷川,Hasegawa
業界,industry
牛,Cow
正体,True character
斎藤,Saito
完了,completion
ハート,heart
眼,eye
不可能,impossible
売る,sell
望む,Wish
併合,Merge
ヒーロー,Hero
ステーション,station
事態,situation
平安,peace
ポケット,pocket
あの,that
指示,Instruction
境,Boundary
年版,Annual version
人工,Artificial
クラシック,Classic
